{"cameraMode":{"drawMode":0,"name":"Shaded","section":"Shading Mode"},"sceneLighting":true,"audioPlay":false,"sceneViewState":{"m_AlwaysRefresh":false,"showFog":true,"showSkybox":true,"showFlares":true,"showImageEffects":true,"showParticleSystems":true,"showVisualEffectGraphs":true,"m_FxEnabled":true},"in2DMode":false,"pivot":{"x":10.363868713378907,"y":1.0499999523162842,"z":12.463756561279297},"rotation":{"x":0.053811922669410709,"y":0.07741163671016693,"z":-0.004185712896287441,"w":0.995552122592926},"size":3.5138564109802248,"orthographic":false}